;;;
;;;
Columna1;Título en español;Título original;Fecha de estreno
W;Blanca Nieves y los Siete Enanos / Blancanieves y los siete enanitos;Snow White and the Seven Dwarfs;1937
;;;
;;;
;;;
;Título en español;Título original;Año de estreno
W;Pinocho;Pinocchio;1940
W;Fantasía;Fantasia;
D;El dragón chiflado;The Reluctant Dragon;1941
W;Dumbo;Dumbo;
W;Bambi;Bambi;1942
W;Saludos amigos;Saludos amigos;1943
D;A través de la fuerza aérea a la victoria;Victory Through Air Power;
W;Los tres caballeros;The Three Caballeros;1944
W;Música maestro;Make Mine Music;1946
D;Canción del Sur;Song of the South;
W;Diversión y fantasía / Las aventuras de Bongo, Mickey y las judías mágicas;Fun and Fancy Free;1947
W;Ritmo y melodía / Tiempo de melodía;Melody Time;1948
D;Danny / Dentro de mi corazón;So Dear to My Heart;
W;Las aventuras de Ichabod y el Señor Sapo / La leyenda de Sleepy Hollow y el Señor Sapo;The Adventures of Ichabod and Mr. Toad;1949
;;;
;;;
;;;
;Título en español;Título original;Año de estreno
W;La Cenicienta;Cinderella;1950
D;La isla del tesoro;Treasure Island;
W;Alicia en el país de las maravillas;Alice in Wonderland;1951
D;Los arqueros del rey;The Story of Robin Hood & His Merrie Men;1952
W;Peter Pan;Peter Pan;1953
D;La espada y la rosa;The Sword and the Rose;
D;El desierto viviente;The Living Desert;
D;Rob Roy, el gran rebelde;Rob Roy, the Highland Rogue;1954
D;American Legends;American Legends;
D;La desaparición de las praderas;The Vanishing Prairie;
D;Veinte mil leguas de viaje submarino;20,000 Leagues Under the Sea;
W;La dama y el vagabundo;Lady and the Tramp;1955
D;El León Africano;The African Lion;
D;Pablito y yo;The Littlest Outlaw;
D;Davy Crockett, rey de la frontera;Davy Crockett, King of the Wild Frontier;
D;Héroes de hierro;The Great Locomotive Chase;1956
D;Davy Crockett y los piratas del Mississippi;Davy Crockett and the River Pirates;
D;Secretos de la vida;Secrets of Life;
D;Sobre la pista del Oregón;Westward Ho, the Wagons!;
D;Johnny Tremain;Johnny Tremain;1957
D;Perri;Perri;
D;Fiel amigo;Old Yeller;
D;Fulgor en la espesura;The Light in the Forest;1958
D;Infierno blanco;White Wilderness;
D;Tonka en La última batalla del general Custer;Tonka;
W;La bella durmiente;Sleeping Beauty;1959
D;El extraño caso de Wilby;The Shaggy Dog;
D;Darby, el rey de los duendes;Darby O'Gill and the Little People;
D;El gran pescador;The Big Fisherman;
D;La venganza del Zorro;Zorro the Avenger;
D;Escalada hacia la muerte;Third Man on the Mountain;
;;;
;;;
;;;
;;;
;Título en español;Título original;Año de estreno
D;Toby Tyler;Toby Tyler;1960
D;Secuestrado;Kidnapped;
D;Pollyanna;Pollyanna;
D;El signo del Zorro;The Sign of Zorro;
D;Rugidos en la selva;Jungle Cat;
D;Los Diez Osados;Ten Who Dared;
D;Los Robinsones de los Mares del Sur;Swiss Family Robinson;
W;101 dálmatas;101 Dalmatians;1961
D;Un sabio en las nubes;The Absent-Minded Professor;
D;Operación Cupido / Tú a Boston y yo a California;The Parent Trap;
D;Nómadas del Norte;Nikki, Wild Dog of the North;
D;Mi Leal Compañero;Greyfriars Bobby;
D;El Bosque Sin Retorno;Babes in Toyland;
D;Piloto a la luna;Moon Pilot;1962
D;Los conflictos de papá;Bon Voyage!;
D;Campeón Rojo / El campeón;Big Red;
D;Casi ángeles;Almost Angels;
D;La leyenda de Lobo;The Legend of Lobo;
D;Los Hijos del Capitán Grant;In Search of the Castaways;
D;Sammy la Foca Loca;Sammy the Way Out Seal;
D;El sabio en apuros;Son of Flubber;1963
D;La fuga de los caballos blancos;Miracle of the White Stallions;
D;Aventura en el Oeste;Savage Sam;
D;Magia del verano;Summer Magic;
D;El viaje increíble;The Incredible Journey;
W;La Espada en la Piedra / Merlín el Encantador;The Sword in the Stone;
D;Un tigre se escapa;A Tiger Walks;1964
D;Las Desventuras de Merlin Jones;The Misadventures of Merlin Jones;
D;Las tres vidas de Thomasina;The Three Lives of Thomasina;
D;Las hilanderas de la luna / La bahía de las esmeraldas;The Moon-Spinners;
D;Mary Poppins;Mary Poppins;
D;Emilio y los detectives;Emil and the Detectives;
D;La familia Calloways;Those Calloways;1965
D;El tío del mono;The Monkey's Uncle;
D;Un gato del FBI;That Darn Cat!;
D;Operación salchicha / Los perros de mi mujer;The Ugly Dachshund;1966
D;Robinson Crusoe siglo XX / El teniente Robinson;Lt. Robin Crusoe, U.S.N.;
D;Síganme muchachos / Veinte docenas de hijos;Follow Me, Boys!;
D;La guerra de las aceitunas / La invasión de los monos;Monkeys, Go Home!;1967
D;Los Buscadores de Oro / Al loro con el oro;The Adventures of Bullwhip Griffin;
D;El abuelo está loco;The Gnome-Mobile;
W;El libro de la selva;The Jungle Book;
D;Charlie, el puma solitario;Charlie, the Lonesome Cougar;
D;El millonario más feliz;The Happiest Millionaire;
D;El Fantasma de Barbanegra / Mi amigo el fantasma;Blackbeard's Ghost;1968
D;Una banda loca, loca;The One and Only, Genuine, Original Family Band';
D;Mi vida con un vaquero / Ni un momento de respiro;Never A Dull Moment;
D;El caballo ejecutivo / El caballo del traje gris;The Horse in the Gray Flannel Suit;
D;Cupido motorizado / Ahí va ese bólido;The Love Bug;
D;Sospechoso de asesinato;Smith!;1969
D;Rascal / Mi amigo Rascal;Rascal;
D;Mi perro, el ladrón;My Dog The Thief;
D;La Computadora Jugadora / Mi cerebro es electrónico;The Computer Wore Tennis Shoes;
D;La máscara del Dr. Syn;Doctor Syn, Alias the Scarecrow;
;;;
;;;
;;;
;Título en español;Título original;Año de estreno
D;El rey de los osos;King of the Grizzlies;1970
D;Marineros sin brújula;The Boatniks;
D;La tierra de nadie;The Wild Country;
W;Los Aristogatos;The Aristocats;
D;El ejecutivo muy mono;The Barefoot Executive;1971
D;Don Quijote del Oeste;Scandalous John;
D;La gansa de los huevos de oro / Millonarios por una pata;The Million Dollar Duck;
D;Travesuras de una bruja / La bruja novata;Bedknobs and Broomsticks;
D;El cazador de galletas / El perro cenicienta;The Biscuit Eater;1972
D;Si no lo veo, lo creo / Te veo y no te veo;Now You See Him, Now You Don't;
D;Napoleón y Samantha;Napoleon and Samantha;
D;¡Corre, Puma, corre!;Run, Cougar, Run!;
D;Aventuras en la nieve;Snowball Express;
D;El hijo de la jungla;The World's Greatest Athlete;1973
D;Un ángel para Charly;Charley and the Angel;
D;El pequeño indio / El pequeño fugitivo;One Little Indian;
W;Robin Hood;Robin Hood;
D;Superpapá;Superdad;
D;Herbie, un volante loco;Herbie Rides Again;1974
D;Los osos y yo;The Bears and I;
D;Aventurero en Hawai / El cowboy náufrago;The Castaway Cowboy;
D;La isla del fin del mundo;The Island at the Top of the World;
D;El hombre más fuerte del mundo;The Strongest Man in the World;1975
D;La montaña embrujada;Escape to Witch Mountain;
D;Los más torpes del Oeste;The Apple Dumpling Gang;
D;Se nos ha perdido un dinosaurio;One of Our Dinosaurs Is Missing';
D;Las mejores aventuras de la naturaleza de Walt Disney;The Best of Walt Disney's True-Life Adventures;
D;Nuestro pony salvaje;Ride a Wild Pony;
D;Secuestro simulado;No Deposit, No Return;1976
D;El tesoro de Matecumbe;Treasure of Matecumbe;
D;Gus;Gus;
D;Un candidato muy peludo;The Shaggy D.A.;
D;Viernes loco;Freaky Friday;
D;Los pequeños ladrones;The Littlest Horse Thieves;1977
W;Las aventuras de Winnie the Pooh / Lo Mejor de Winnie the Pooh;The Many Adventures of Winnie the Pooh;
D;Historia de dos criaturas;A Tale of Two Critters;
W;Bernardo y Bianca / Los rescatadores;The Rescuers;
D;Herbie en el gran prix de Montecarlo;Herbie Goes to Montecarlo;
D;Pedro y el dragón Elliot;Pete's Dragon;
D;El secreto del castillo;Candleshoe;
D;Los pequeños extraterrestres;Return from Witch Mountain;1978
D;Plomo caliente y pies fríos / La herencia de los Bloodshy;Hot Lead and Cold Feet;
D;El gato que vino del espacio;The Cat From Outer Space;
D;Detectives improvisadas;The North Avenue Irregulars;1979
D;Los Más Torpes Del Oeste 2;The Apple Dumpling Gang Rides Again;
D;Un astronauta en la corte del rey Arturo;Unidentified Flying Oddball;
D;El abismo negro / El agujero negro;The Black Hole;
D;The London Connection;The London Connection;
;;;
;;;
;;;
;Título en español;Título original;Año de estreno
D;Locuras de Medianoche;Midnight Madness;1980
D;El observador del bosque / Los Ojos del Bosque;The Watcher in the Woods;
D;Herbie Torero / Cupido motorizado rumbo a Río;Herbie Goes Bananas;
D;El último vuelo del Arca de Noé;The Last Flight of Noah's Ark;
D;Popeye;Popeye;
D;Un Pacto de Mil Demonios;The Devil and Max Devlin;1981
D;El Secreto de Amy;Amy;
D;Verdugo de dragones / El Dragón del Lago de Fuego;Dragonslayer;
W;El zorro y el sabueso / Tod y Toby;The Fox and the Hound;
D;Condorman;Condorman;
D;Fuga de noche;Night Crossing;1982
D;Tron;Tron;
D;Tex;Tex;
D;Misterio en Malta / Intriga en Malta;Trenchcoat;1983
D;El Carnaval De Las Tinieblas;Something Wicked This Way Comes;
D;Los Lobos No Lloran;Never Cry Wolf;
D;A través de la oscuridad;Love Leads the Way: A True Story;1984
D;Where the Toys Come from;Where the Toys Come from;
D;Regreso a Oz / Oz, un mundo fantástico;Return to Oz;1985
W;El caldero mágico / Taron y el caldero mágico;The Black Cauldron;
D;Natty Gann;The Journey Of Natty Gann;
D;Navidades Mágicas;One Magic Christmas;
W;Policías y ratones / Basil, el ratón superdetective;The Great Mouse Detective;1986
D;El vuelo del navegante;Flight of the Navigator;
D;Benji el Perseguido / Cuatro cachorros para salvar;"Benji the Hunted""";1987
D;La tostadora valiente;The Brave Little Toaster;
D;La Saga del Indomable;Return to Snowy River;1988
W;Oliver y su pandilla;Oliver and Company;
D;Querida, encogí a los niños / Cariño, He Encogido a los Niños;Honey, I Shrunk the Kids;1989
D;Cheetah, Una Aventura en la Selva;Cheetah;
W;La sirenita;The Little Mermaid;
;;;
;;;
;;;
;Título en español;Título original;Año de estreno
T;PatoAventuras - La película: El tesoro de la lámpara perdida;DuckTales the Movie: Treasure of the Lost Lamp;1990
W;Bernardo y Bianca en Cangurolandia / Los rescatadores en Cangurolandia;The Rescuers Down Under;
D;Colmillo Blanco;White Fang;1991
D;Náufragos;Shipwrecked;
D;La fuerza del valor;Wild Hearts Can't Be Broken;
D;Rocketeer;The Rocketeer;
W;La bella y la bestia;Beauty and the Beast;
D;La pandilla;Newsies;1992
D;Cariño, he agrandado al niño / Querida, agrandé al bebé;Honey, I Blew Up the Kid;
D;Somos los mejores / Los campeones;The Mighty Ducks;
W;Aladdín;Aladdin;
D;Los Muppets: Una historia de Navidad / Los Teleñecos en Cuento de Navidad;The Muppets Christhmas Carol;
D;Homeward Bound: The Incredible Journey;Homeward Bound: The Incredible Journey;1993
D;A Far Off Place;A Far Off Place;
D;Las aventuras de Huckleberry Finn;The Adventures of Huck Finn;
D;Abracadabra / El retorno de las brujas;Hocus Pocus;
D;Jamaica bajo cero / Elegidos para el triunfo;Cool Runnings;
D;Los tres mosqueteros;The Three Musketeers;
D;El extraño mundo de Jack / Pesadilla antes de Navidad;The Nightmare Before Christmas;
D;Voluntad de hierro;Iron Will;1994
D;Cheque en blanco;Blank Check;
D;Vuelven los mejores / Los Campeones 2;D2: The Mighty Ducks;
D;Colmillo Blanco 2;White Fang 2: The Myth of the White Wolf;
T;El retorno de Jafar;The Return of Jafar;
W;El rey león;The Lion King;
D;Angels in the Outfield;Angels in the Outfield;
D;Squanto: A Warrior's Tale;Squanto: A Warrior's Tale;
D;Santa Cláusula / ¡Vaya Santa Claus!;The Santa Clause;
D;El libro de la selva: la aventura continúa;The Jungle Book;
D;Pesos pesados;Heavyweights;1995
D;Man of the House;Man of the House;
D;La leyenda de Pecos Bill;Tall Tale;
T;Goofy, la película / Goofy e hijo;A Goofy Movie;
W;Pocahontas;Pocahontas;
D;Operación elefante;Operation Dumbo Drop;
D;Aventuras en la corte del Rey Arturo / Un niño en la corte del Rey Arturo;A Kid in King Arthur's Court;
D;El gran equipo;The Big Green;
D;Frank y Ollie: Los magos de Disney;Frank and Ollie;
P;Toy Story;Toy Story;
D;Tom and Huck;Tom and Huck;
D;Los Muppets en la isla del tesoro / Los Teleñecos en la Isla del Tesoro;Muppet Treasure Island;1996
D;Volviendo a casa 2: perdidos en San Francisco;Homeward Bound II: Lost in San Francisco;
D;James y el melocotón gigante/ Jim y el durazno gigante;James and the Giant Peach;
W;El jorobado de Notre Dame;The Hunchback of Notre Dame;
D;First Kid;First Kid;
D;El regreso de los mejores / Los campeones 3;D3: The Migthy Ducks;
T;Aladdín y el rey de los ladrones / Aladdín y los 40 ladrones;Aladdin and the King of Thieves;
D;101 dálmatas: ¡Ahora la magia es real! / 101 dálmatas: ¡Más vivos que nunca!;101 Dalmatians;
D;Un gato del FBI;That Darn Cat;1997
D;Jungle 2 Jungle;Jungle 2 Jungle;
W;Hércules;Hércules;
D;George de la selva / George de la jungla;George of the Jungle;
D;Air Bud;Air Bud;
D;RocketMan / El astronauta;RocketMan;
D;Flubber;Flubber;
D;Mr. Magoo;Mr. Magoo;
T;La bella y la bestia 2: Una Navidad Encantada;Beauty and the Beast: The Enchanted Christmas;
D;Vaya par de locos / Locura en el campamento;Meet the Deedles;1998
T;El mundo mágico de Bella;Belle's Magical World;
W;Mulán;Mulan;
T;Pocahontas 2: Viaje a un Nuevo Mundo;Pocahontas II: Journey to a New World;
T;El rey león 2;The Lion King II: Simba's Pride;
D;Juego de Gemelas / Tú a Londres y yo a California;The Parent Trap;
D;Air Bud 2: el fichaje de la liga;Air Bud : Golden Reciever;
D;I'll Be Home for Christmas;I'll Be Home for Christmas;
P;Bichos: Una aventura en miniatura;A Bug's Life;
D;Mi Gran Amigo Joe;Migthy Joe Young;
D;Mi marciano favorito;My Favorite Martian;1999
V;Doug: La película / Doug: Su 1ª película;Doug's 1st Movie;
D;Endurance;Endurance;
W;Tarzán;Tarzan;
D;Inspector Gadget;Inspector Gadget;
D;The Straight Story;The Straight Story;
D;La mano detrás del ratón: la historia de Ub Iwerks;The Hand Behind the Mouse: The Ub Iwerks Story;
T;Mickey celebra la Navidad / Mickey descubre la Navidad;Mickey's Once Upon a Christmas;
P;Toy Story 2;Toy Story 2;
;;;
;;;
;;;
;Título en español;Título original;Año de estreno
W;Fantasía 2000;Fantasia 2000;2000
V;La película de Tigger;The Tigger Movie;
D;Aventura elefantástica;Whispers: An Elephant's Tale;
T;Goofy 2: Extremadamente Goofy / Explosivamente Goofy;An Extremely Goofy Movie;
W;Dinosaurio;Dinosaur;
T;Buzz Lightyear, Comando Estelar: La aventura comienza / Buzz Lightyear: La película;Buzz Lightyear of Star Command: The Adventure Begins;
T;La sirenita 2: Regreso al mar;The Little Mermaid II: Return to the Sea;
D;El chico / Mi encuentro conmigo;The Kid;
D;Duelo de Titanes / Grito de Titanes;Remember the Titans;
D;102 Dálmatas;102 Dalmatians;
W;Las locuras del emperador / El emperador y sus locuras;The Emperor's New Groove;
V;La dama y el vagabundo II: Las aventuras de Scamp / La dama y el vagabundo II: Las aventuras de Golfillo;Lady and the Tramp II: Scamp's Adventure;2001
D;La hija de Robin Hood;Princess of Thieves;
V;Llegó el recreo / La banda del patio - La película;Recess: School's Out;
W;Atlantis: El imperio perdido;Atlantis: The Lost Empire;
D;El diario de la princesa / Princesa por sorpresa;The Princess Diaries;
D;Max Keeble's Big Movie;Max Keeble's Big Movie;
D;The Other Side of Heaven;The Other Side of Heaven;
P;Monsters, Inc. / Monstruos S.A.;Monsters, Inc.;
V;El Club de los Villanos con Mickey y sus Amigos / El Club de los Villanos;Mickey's House of Villains;
V;La Navidad Mágica de Mickey;Mickey's Magical Christmas: Snowed in at the House of Mouse;
D;Frío de perros / Aventuras en Alaska;Snow Dogs;2002
T;Peter Pan: El regreso al país de Nunca Jamás / Peter Pan en regreso al país de Nunca Jamás;Return to Never Land;
D;El novato;The Rookie;
W;Lilo & Stitch;Lilo & Stitch;
T;La Cenicienta 2: Un sueño hecho realidad / La Cenicienta 2: ¡La magia no termina a medianoche!;Cinderella II: Dreams Come True;
T;El jorobado de Notre Dame 2;The Hunchback of Notre Dame II;
T;Tarzán y Jane;Tarzan & Jane;
D;The Country Bears;The Country Bears;
D;Tuck Everlasting;Tuck Everlasting;
D;Santa Cláusula 2 / Santa Claus 2;The Santa Clause 2;
W;El planeta del tesoro;Treasure Planet;
T;101 dálmatas 2;101 dalmatians 2;2003
T;El libro de la selva 2;The Jungle Book 2;
T;La Gran Película de Piglet;Piglet's Big Movie;
T;Atlantis: El regreso de Milo;Atlantis: Milo's Return;
T;La película de Stitch;Stitch! The Movie;
D;Los fantasmas del Titanic;Ghosts of the Abyss;
D;El misterio de los Excavadores;Holes;
P;Buscando a Nemo;Finding Nemo;
D;Piratas del Caribe: La maldición de la Perla Negra / Piratas del Caribe: La maldición del Perla Negra;Pirates of the Caribbean: The Curse of the Black Pearl;
D;Un viernes de locos / Ponte en mi lugar;Freaky Friday;
D;Lizzie Superstar / Lizzie McGuire: Estrella Pop;The Lizzie McGuire Movie;
W;Tierra de osos / Hermano oso;Brother Bear;
D;La Mansión Encantada / La Mansión Embrujada;The Haunted Mansion;
V;Kim Possible: Problemas en el Tiempo / Kim Possible: A través del tiempo;Kim Possible: A Sitch in Time;
D;El joven corcel negro / Shetan, el caballo del desierto;The Young Black Stallion;
T;Mulán 2;Mulan 2;2004
T;El rey león 3: ¡Hakuna Matata!;The Lion King 1 1/2;
T;Una Primavera con Rito;Springtime with Roo;
T;Mickey, Donald y Goofy: Los tres mosqueteros;Mickey, Donald, Goofy: The Three Musketeers;
T;Mickey y sus amigos juntos otra Navidad / Mickey: La Mejor Navidad;Mickey's Twice Upon a Christmas;
V;Teacher's Pet / Este perro es un crack;Teacher's Pet;
D;Miracle;Miracle;
D;Confesiones de una típica adolescente / Quiero ser superfamosa;Confessions of a Teenage Drama Queen;
W;Vacas Vaqueras / Zafarrancho en el rancho;Home on the Range;
D;Sacred Planet;Sacred Planet;
D;America's Heart and Soul;America's Heart and Soul;
D;El Diario De La Princesa 2 / Princesa por sorpresa 2;The Princess Diaries 2: Royal Engagement;
P;Los Increíbles;The Incredibles;
D;La búsqueda / La leyenda del tesoro perdido;National Treasure;
D;Aliens of the Deep / Misterios del océano;Aliens of the Deep;2005
T;Winnie Pooh y el pequeño efelante / La película de Héffalump;Pooh's Heffalump Movie;
T;Tarzán 2;Tarzan 2;
T;Lilo y Stitch 2: En corto circuito / Lilo y Stitch 2: El efecto del defecto;Lilo & Stitch 2: Stitch Has a Glitch;
V;Kim Possible la película: Todo un drama / Kim Possible: Sí es para Tanto;Kim Possible Movie: So the Drama;
T;La familia Proud: La película / Los Proud: La Película;The Proud Family Movie;
D;Una niñera a prueba de balas / Niñera a prueba de balas;The Pacifier;
D;Soñando, soñando triunfé patinando / Sueños sobre hielo;Ice Princess;
D;Herbie: A Tope / Herbie a toda marcha;Herbie: Fully Loaded;
D;Sky High: Una escuela de altos vuelos / Súper Escuela de Héroes;Sky High;
D;El juego que hizo historia;The Greatest Game Ever Played;
W;Chicken Little;Chicken Little;
D;Las crónicas de Narnia: el león, la bruja y el armario / Las crónicas de Narnia: el león, la bruja y el ropero;The Chronicles of Narnia: The Lion, the Witch and the Wardrobe;
T;Las Locuras de Kronk / El emperador y sus locuras 2: La Gran Aventura de Kronk;Kronk's New Groove;
T;Bambi II: El príncipe del bosque;Bambi II;2006
D;Camino a la gloria;Glory Road;
D;Roving Mars;Roving Mars;
D;Rescate en la Antártida / Bajo cero;Eight Below;
D;Un Papá con Pocas Pulgas / Cariño, estoy hecho un perro;The Shaggy Dog;
D;Salvaje / Vida salvaje;The Wild;
P;Cars / Cars: Una aventura sobre ruedas;Cars;
T;Leroy y Stitch;Leroy & Stitch;
T;Tierra de osos 2 / Hermano Oso 2;Brother bear 2;
T;El zorro y el sabueso 2 / Tod y Toby 2;The Fox and the Hound 2;
D;Piratas del Caribe: El cofre del hombre muerto / Piratas de Caribe: El Cofre de la Muerte;Pirates of the Caribbean: Dead Man's Chest;
D;Buddy, Familia al recate / Air Buddies;Air Buddies;
D;Invencible;Invincible;
D;Santa Cláusula 3 / Santa Claus 3: Por una navidad sin frío;The Santa Clause 3: The Escape Clause;
T;La Cenicienta 3: Un giro en el tiempo / Cenicienta: ¿Qué pasaría sí...?;Cinderella III: A Twist in Time;2007
W;La Familia del Futuro / Descubriendo a los Robinson;Meet The Robinsons;
D;Piratas del Caribe: en el fin del mundo;Pirates of the Caribbean: At World's End;
P;Ratatouille;Ratatouille;
D;Superdog / Supercan;Underdog;
D;La historia de Pixar;The Pixar Story;
D;Entrenando a papá / Papá por sorpresa;The Game Plan;
D;Encantada / Encantada: la historia de Giselle;Enchanted;
D;La búsqueda 2: El diario secreto / La Leyenda del Tesoro Perdido 2: El Libro de los Secretos;National Treasure: Book of Secrets;
D;Hannah Montana & Miley Cyrus en Concierto: Lo Mejor de Ambos Mundos;Hannah Montana & Miley Cyrus: Best of Both Worlds Concert;2008
D;Loco Viaje al Campus / Un viaje de aquellos;College Road Trip;
D;Las crónicas de Narnia: el príncipe Caspian;The Chronicles of Narnia: Prince Caspian;
D;Dasavathaaram;Dasavathaaram;
P;WALL·E;WALL-E;
T;La sirenita 3: los comienzos de Ariel / El Origen de la sirenita;The Little Mermaid: Ariel's Beginning;
T;Campanilla / Tinker Bell;Tinker Bell;
D;Snow Buddies - Cachorros en la nieve / Buddies en la nieve;Snow Buddies;
D;Una Chihuahua de Beverly Hills/ Un Chihuahua de Beverly Hills;Beverly Hills Chihuahua;
D;Cuentos que no son cuentos / Más allá de los Sueños;Bedtime Stories;
D;Morning Light;Morning Light;
D;High School Musical 3: Fin de Curso/ High School Musical 3: La Gradaución;High School Musical 3: Senior Year;
D;Roadside Romeo;Roadside Romeo;
W;Bolt: Un Perro fuera de serie;Bolt;
D;Jonas Brothers en concierto 3D;Jonas Brothers: The 3D Concert Experience;2009
D;La Montaña Embrujada;Race to Witch Mountain;
D;Hannah Montana: La película;Hannah Montana: The Movie;
N;La Tierra;Earth;
D;Los muchachos: la historia de los hermanos Sherman;The Boys: The Sherman Brother's Story;
D;Trail of the Panda;Trail of the Panda;
P;Up: Una Aventura de Altura;Up;
D;Kika Superbruja y el Libro de Hechizos;Hexe Lilli;
D;Fuerza G / G-Force: Licencia para espiar;G-Force;
D;Walt y el grupo;Walt & El Grupo;
D;Space Buddies;Space Buddies;
D;The Book of Masters;The Book of Masters;
D;Los Fantasmas de Scrooge / Cuento de navidad;A Christmas Carol;
D;Par de colmilludos / Dos canguros muy maduros;Old Dogs;
T;Tinker Bell y el tesoro perdido / Campanilla y el tesoro perdido;Tinker Bell and the Lost Treasure;
W;La princesa y el sapo / Tiana y el sapo;The Princess and the Frog;
;;;
;;;
;;;
;Título en español;Título original;Año de estreno
D;Tinker Bell: Hadas al rescate / Campanilla y el gran rescate;Tinker Bell and the Great Fairy Rescue;2010
D;Alicia en el país de las maravillas;Alice in Wonderland;
N;Océanos;Oceans;
D;El príncipe de Persia: Las arenas del tiempo;Prince of Persia: The Sands of Time;
P;Toy Story 3;Toy Story 3;
D;El aprendiz de brujo;The Sorcerer's Apprentice;
N;El misterio del los flamencos;The Crimson Wing: Mystery of the Flamingos;
D;Campeón / Secretariat;Secretariat;
D;Do Dooni Chaar;Do Dooni Chaar;
W;Enredados;Tangled;
D;Tron: El legado / Tron: Legacy;Tron: Legacy;
D;Anaganaga O Dheerudu;Anaganaga O Dheerudu;
D;Kika superbruja 2: el viaje a Mandolán;Lilly the Witch: The Journey to Mandolan;
D;Marte necesita mamás;Mars Needs Moms;2011
D;Zokkomon;Zokkomon;
N;Felinos de África;African Cats;
D;Fin de curso;Prom;
D;Piratas del Caribe: Navegando en aguas misteriosas / Piratas del Caribe:En mareas misteriosas;Pirates of the Caribbean: On Stranger Tides;
P;Cars 2;Cars 2;
W;Winnie the Pooh;Winnie the Pooh;
D;Los Muppets;The Muppets;
D;John Carter;John Carter of Mars;2012
N;Chimpancés;Chimpanzee;
D;Arjun: El príncipe guerrero;Arjun: The Warrior Prince;
P;Valiente / Indomable;Brave;
D;La extraña vida de Timothy Green;The Odd Life of Timothy Green;
D;Frankenweenie;Frankenweenie;
W;Ralph el demoledor / ¡Rompe Ralph!;Wreck-It-Ralph;
T;Tinker Bell y el secreto de las hadas / Campanilla y el secreto de las hadas;Secret of the Wings;
D;Oz, el poderoso / Oz: Un mundo de fantasía;Oz: The Great and Powerful;2013
N;Alas de vida;Wings of Life;
P;Monsters University / Monstruos University;Monsters University;
D;El llanero solitario;The Lone Ranger;
T;Aviones;Planes;
W;Frozen: Una Aventura Congelada / Frozen: El reino de hielo;Frozen;
D;El sueño de Walt / Al encuentro de Mr. Banks;Saving Mr. Banks;
D;Muppets 2: Los más buscados / El tour de los Muppets;Muppets Most Wanted;2014
N;Osos;Bears;
D;Un golpe de talento;Million Dollar Arm;
D;Maléfica;Maleficent;
T;Aviones 2: Equipo de Rescate / Aviones: Equipo de Rescate;Planes: Fire & Rescue;
D;Tinker Bell: Hadas y piratas / Campanilla: Hadas y piratas;The Pirate Fairy;
W;Grandes Héroes / Big Hero 6;Big Hero 6;
D;Alexander y un día terrible, horrible, malo... ¡muy malo! / Alexander y el día terrible, horrible, espantoso, horroroso;Alexander and the Terrible, Horrible, No Good, Very Bad Day;
D;En el bosque / Into the Woods;Into the Woods;
D;McFarland, sin límites;McFarland, USA;2015
D;La Cenicienta;Cinderella;
N;El Reino de los Monos;Monkey Kingdom;
D;Tomorrowland: El mundo del mañana;Tomorrowland;
P;Intensa-Mente / Del Revés;Inside Out;
D;Descendientes;Descendants;
P;Un Gran Dinosaurio / El viaje de Arlo;The Good Dinosaur;
D;Horas contadas / La hora decisiva;The Finest Hours;2016
W;Zootopia / Zootrópolis;Zootopia;
D;El libro de la selva;The Jungle Book;
D;Alicia a través del espejo;Alice Through the Looking Glass;
D;Tini: El gran cambio de Violetta;Tini: El Gran Cambio De Violetta;
D;El buen amigo gigante / Mi gran amigo el gigante;The BFG;
P;Buscando a Dory;Finding Dory;
D;Mi amigo el dragón / Peter y el dragón;Pete's Dragon;
D;Reina de Katwe;Queen of Katwe;
W;Moana: Un mar de aventuras / Vaiana;Moana;
N;Growing Up Wild;Growing Up Wild;
D;Dangal;Dangal;
D;La bella y la bestia;Beauty and the Beast;2017
N;La marcha de los pingüinos 2;L'Empereur;
N;Nacidos en China;Born in China;
D;Piratas del Caribe: La venganza de Salazar;Pirates of the Caribbean: Dead Men Tell No Tales;
P;Cars 3;Cars 3;
N;Ghost of the Mountains;Ghost of the Mountains;
D;Jagga Jasoos;Jagga Jasoos;
P;Coco;Coco;
N;Expedition China;Expedition China;
D;Un viaje en el tiempo / Un pliegue en el tiempo;A Wrinkle in Time;2018
P;Los Increíbles 2;Incredibles 2;
D;Christopher Robin;Christopher Robin;
D;El Cascanueces y los cuatro reinos;The Nutcracker and the Four Realms;
W;Wi-Fi Ralph / Ralph Rompe Internet;Ralph Breaks the Internet;
D;El Regreso de Mary Poppins;Mary Poppins Returns;
D;Dumbo;Dumbo;2019
N;Pingüinos;Penguins;
D;Aladdín;Aladdin;
P;Toy Story 4;Toy Story 4;
D;El Rey León;The Lion King;
D;Maléfica: Dueña del Mal / Maléfica: Maestra del Mal;Maleficent: Mistress of Evil;
D+;La Dama y el Vagabundo;Lady and the Tramp;
D+;Noelle;Noelle;
W;Frozen II;Frozen II;
D+;Togo;Togo;
;;;
;;;
;;;
;Título en español;Título original;Año de estreno
D+;Las aventuras de Timmy Fracaso / DeSastre y Total: Agencia de detectives nº 1;Timmy Failure: Mistakes Were Made;2020
P;Unidos / Onward;Onward;
D+;Stargirl;Stargirl;
D+;Magic Camp: Campamento Mágico;Magic Camp;
V+;Phineas y Ferb, la película: Candace contra el Universo;Phineas and Ferb the Movie: Candace Against the Universe;
D+;Artemis Fowl: El Mundo Subterráneo;Artemis Fowl;
D+;Hamilton;Hamilton;
D+;El Único y Gran Iván / El Magnífico Iván;The One and Only Ivan;
D+;Mulán;Mulan;
D+;Sociedad Secreta de Hijos Reales / El club secreto de los no herederos al trono;Secret Society of Second-Born Royals;
D+;Belleza Negra;Black Beauty;
D+;Amandrihada;Godmothered;
D+;Safety: La última línea de Defensa;Safety;
P+;Soul;Soul;
D+;Flora y Ulises;Flora and Ulysses;2021
W;Raya y el Último Dragón;Raya and the Last Dragon;
D;Cruella;Cruella;
P+;Luca;Luca;
D;Jungle Cruise;Jungle Cruise;
W;Encanto;Encanto;
D+;El diario de Greg;Diary of a Wimpy Kid;
D+;La era de hielo: Las aventuras de Buck / Ice Age: Las Aventuras de Buck;The Ice Age Adventures of Buck Wild;2022
D+;Sneakerella;Sneakerella;
P+;Red;Turning Red;
D+;Más barato por docena / Doce en casa;Cheaper by the Dozen;
D+;Chip y Dale al rescate / Chip y Chop: los guardianes rescatadores;Chip 'n' Dale: Rescue Rangers;
D+;Stargirl en Hollywood;Hollywood Stargirl;
P;Lightyear;Lightyear;
D+;Pinocho;Pinocchio;
D+;Abracadabra 2 / El Retorno de las Brujas 2;Hocus Pocus 2;
D+;Desencantada;Disenchanted;
W;Un Mundo Extraño / Mundo extraño;Strange World;
D+;Una noche en el museo: el regreso de Kahmunrah / Noche en el museo: El retorno de Kahmunrah;Night at the Museum: Kahmunrah Rises Again;
D+;Peter Pan & Wendy;Peter Pan & Wendy;2023
D;La Sirenita;The Little Mermaid;
P;Elementos / Elemental;Elemental;
D;Mansión Embrujada / Mansión Encantada;Haunted Mansion;
W;Wish: El poder de los deseos;Wish;
P;Intensa-Mente 2 / Del revés 2;Inside Out 2;2024
W;Moana 2 / Vaiana 2;Moana 2;
D;Mufasa: El Rey León;Mufasa: The Lion King;
D;Blanca Nieves / Blancanieves;Snow White;2025
D;Lilo y Stitch;Lilo & Stitch;
P;Elio;Elio;
D;Otro viernes de locos / Ponte en mi lugar de nuevo;Freakier Friday;
