TÍTULO EN ESPAÑOL;TIPO DE PELÍCULA;AÑO DE ESTRENO;CONTENIDO;;
Blanca Nieves y los Siete Enanitos;Animada;1937;Original ;;
Pinocho;Animada;1940;Original ;;
Fantasía;Animada;1940;Original ;;
El dragón chiflado;Animada;1941;Original ;;
Dumbo;Animada;1941;Original ;;
Bambi;Animada;1942;Original ;;
Saludos amigos;Animada;1943;Original ;;
A través de la fuerza aérea a la victoria;Animada;1943;Documental;;
Los tres caballeros;Animada;1944;Original ;;
Música maestro;Animada;1946;Original ;;
Canción del Sur;Animada;1946;Original ;;
Diversión y fantasía;Animada;1947;Spin-Off;;
Ritmo y melodía;Animada;1948;Original ;;
Danny;Animada;1948;Original ;;
La leyenda de Sleepy Hollow y el Señor Sapo;Animada;1949;Original ;;
La Cenicienta;Animada;1950;Original ;;
La isla del tesoro;Imagen real;1950;Original ;;
Alicia en el país de las maravillas;Animada;1951;Original ;;
Los arqueros del rey;Imagen real;1952;Original ;;
Peter Pan;Animada;1953;Original ;;
La espada y la rosa;Aventura;1953;Original ;;
El desierto viviente;Imagen real;1953;Documental;;
Rob Roy el gran rebelde;Imagen real;1954;Original ;;
American Legends;Animación;1954;Original ;;
La desaparición de las praderas;Imagen real;1954;Documental;;
Veinte mil leguas de viaje submarino;Imagen real;1954;Original ;;
La dama y el vagabundo;Animada;1955;Original ;;
El León Africano;Imagen real;1955;Documental;;
Pablito y yo;Imagen real;1955;Original ;;
Davy Crockett rey de la frontera;Imagen real;1955;Spin-Off;;
Héroes de hierro;Imagen real;1956;Original ;;
Davy Crockett y los piratas del Mississippi;Imagen real;1956;Spin-Off;;
Secretos de la vida;Imagen real;1956;Documental;;
Sobre la pista del Oregón;Imagen real;1956;Original ;;
Johnny Tremain;Imagen real;1957;Original ;;
Perri;Imagen real;1957;Documental;;
Fiel amigo;Imagen real;1957;Original ;;
Fulgor en la espesura;Imagen real;1958;Original ;;
Infierno blanco;Imagen real;1958;Original ;;
Tonka en La última batalla del general Custer;Imagen real;1958;Original ;;
La bella durmiente;Animada;1959;Original ;;
El extraño caso de Wilby;Imagen real;1959;Original ;;
Darby el rey de los duendes;Imagen real;1959;Original ;;
El gran pescador;Imagen real;1959;Original ;;
Zorro el vengador;Imagen real;1959;Spin-Off;;
Escalada hacia la muerte;Imagen real;1959;Original ;;
Toby Tyler;Imagen real;1960;Original ;;
Secuestrado;Imagen real;1960;Original ;;
Pollyanna;Imagen real;1960;Original ;;
El signo del Zorro;Imagen real;1960;Spin-Off;;
Rugidos en la selva;Imagen real;1960;Documental;;
Los Diez Osados;Imagen real;1960;Original ;;
Los Robinsones de los Mares del Sur;Imagen real;1960;Original ;;
101 dálmatas;Animada;1961;Original ;;
Un sabio en las nubes;Imagen real;1961;Original ;;
Operación Cupido;Imagen real;1961;Original ;;
Nómadas del Norte;Imagen real;1961;Original ;;
Mi Leal Compañero;Imagen real;1961;Original ;;
El Bosque Sin Retorno;Imagen real;1961;Original ;;
Piloto a la luna;Imagen real;1962;Original ;;
Los conflictos de papá;Mixta;1962;Original ;;
Campeón Rojo;Imagen real;1962;Original ;;
Casi ángeles;Imagen real;1962;Original ;;
La leyenda de Lobo;Imagen real;1962;Original ;;
Los Hijos del Capitán Grant;Imagen real;1962;Original ;;
Sammy la Foca Loca;Imagen real;1962;Original ;;
El sabio en apuros;Imagen real;1963;Spin-Off;;
La fuga de los caballos blancos;Imagen real;1963;Original ;;
Aventura en el Oeste;Imagen real;1963;Original ;;
Magia del verano;Imagen real;1963;Original ;;
El viaje increíble;Imagen real;1963;Original ;;
La Espada en la Piedra;Animada;1963;Original ;;
Un tigre se escapa;Imagen real;1964;Original ;;
Las Desventuras de Merlin Jones;Imagen real;1964;Spin-Off;;
Las tres vidas de Thomasina;Imagen real;1964;Original ;;
Las hilanderas de la luna;Imagen real;1964;Original ;;
Mary Poppins;Mixta;1964;Original ;;
Emilio y los detectives;Imagen real;1964;Original ;;
La familia Calloways;Imagen real;1965;Original ;;
El tío del mono;Imagen real;1965;Original ;;
Un gato del FBI;Imagen real;1965;Original ;;
Operación salchicha;Imagen real;1966;Original ;;
Robinson Crusoe siglo XX;Imagen real;1966;Original ;;
Síganme muchachos;Imagen real;1966;Original ;;
La guerra de las aceitunas;Imagen real;1967;Original ;;
Los Buscadores de Oro;Imagen real;1967;Original ;;
El abuelo está loco;Imagen real;1967;Original ;;
El libro de la selva;Animada;1967;Original ;;
Charlie el puma solitario;Imagen real;1967;Original ;;
El millonario más feliz;Imagen real;1967;Original ;;
El Fantasma de Barbanegra;Imagen real;1968;Original ;;
Una banda loca loca;Imagen real;1968;Original ;;
Mi vida con un vaquero;Imagen real;1968;Original ;;
El caballo ejecutivo;Imagen real;1968;Original ;;
Cupido motorizado;Imagen real;1968;Original ;;
Sospechoso de asesinato;Imagen real;1969;Original ;;
Rascal / Mi amigo Rascal;Imagen real;1969;Original ;;
Mi perro el ladrón;Imagen real;1969;Original ;;
La Computadora Jugadora / Mi cerebro es electrónico;Imagen real;1969;Original ;;
La máscara del Dr. Syn;Imagen real;1969;Original ;;
El rey de los osos;Imagen real;1970;Original ;;
Marineros sin brújula;Imagen real;1970;Original ;;
La tierra de nadie;Imagen real;1970;Original ;;
Los Aristogatos;Animada;1970;Original ;;
El ejecutivo muy mono;Imagen real;1971;Original ;;
Don Quijote del Oeste;Imagen real;1971;Original ;;
La gansa de los huevos de oro / Millonarios por una pata;Imagen real;1971;Original ;;
Travesuras de una bruja / La bruja novata;Mixta;1971;Original ;;
El cazador de galletas / El perro cenicienta;Imagen real;1972;Original ;;
Si no lo veo lo creo / Te veo y no te veo;Imagen real;1972;Original ;;
Napoleón y Samantha;Imagen real;1972;Original ;;
¡Corre Puma corre!;Imagen real;1972;Original ;;
Aventuras en la nieve;Imagen real;1972;Original ;;
El hijo de la jungla;Imagen real;1973;Original ;;
Un ángel para Charly;Imagen real;1973;Original ;;
El pequeño indio / El pequeño fugitivo;Imagen real;1973;Original ;;
Robin Hood;Animada;1973;Original ;;
Superpapá;Imagen real;1973;Original ;;
Herbie un volante loco;Imagen real;1974;Secuela;;
Los osos y yo;Imagen real;1974;Original ;;
Aventurero en Hawai / El cowboy náufrago;Imagen real;1974;Original ;;
La isla del fin del mundo;Imagen real;1974;Original ;;
El hombre más fuerte del mundo;Imagen real;1975;Original ;;
La montaña embrujada;Imagen real;1975;Secuela;;
Los más torpes del Oeste;Imagen real;1975;Original ;;
Se nos ha perdido un dinosaurio;Imagen real;1975;Original ;;
Las mejores aventuras de la naturaleza de Walt Disney;Imagen real;1975;Original ;;
Nuestro pony salvaje;Imagen real;1975;Original ;;
Secuestro simulado;Imagen real;1976;Original ;;
El tesoro de Matecumbe;Imagen real;1976;Original ;;
Gus;Imagen real;1976;Original ;;
Un candidato muy peludo;Imagen real;1976;Original ;;
Viernes loco;Imagen real;1976;Original ;;
Los pequeños ladrones;Imagen real;1977;Original ;;
Las aventuras de Winnie the Pooh / Lo Mejor de Winnie the Pooh;Animada;1977;Spin-Off;;
Historia de dos criaturas;Animada;1977;Original ;;
Bernardo y Bianca / Los rescatadores;Animada;1977;Original ;;
Herbie en el gran prix de Montecarlo;Imagen real;1977;Secuela;;
Pedro y el dragón Elliot;Mixta;1977;Original ;;
El secreto del castillo;Imagen real;1977;Original ;;
Los pequeños extraterrestres;Imagen real;1978;Original ;;
Plomo caliente y pies fríos / La herencia de los Bloodshy;Imagen real;1978;Original ;;
El gato que vino del espacio;Imagen real;1978;Original ;;
Detectives improvisadas;Imagen real;1979;Original ;;
Los Más Torpes Del Oeste 2;Imagen real;1979;Secuela;;
Un astronauta en la corte del rey Arturo;Imagen real;1979;Original ;;
El abismo negro / El agujero negro;Imagen real;1979;Original ;;
The London Connection;Imagen real;1979;Original ;;
Locuras de Medianoche;Imagen real;1980;Original ;;
El observador del bosque / Los Ojos del Bosque;Imagen real;1980;;;
Herbie Torero / Cupido motorizado rumbo a Río;Imagen real;1980;Secuela;;
El último vuelo del Arca de Noé;Imagen real;1980;Original ;;
Popeye;Imagen real;1980;Original ;;
Un Pacto de Mil Demonios;Imagen real;1981;Original ;;
El Secreto de Amy;Imagen real;1981;Original ;;
Verdugo de dragones / El Dragón del Lago de Fuego;Imagen real;1981;Original ;;
El zorro y el sabueso / Tod y Toby;Animada;1981;Original ;;
Condorman;Imagen real;1981;Original ;;
Fuga de noche;Imagen real;1982;Original ;;
Tron;Mixta;1982;Original ;;
Tex;Imagen real;1982;Original ;;
Misterio en Malta / Intriga en Malta;Imagen real;1983;Original ;;
El Carnaval De Las Tinieblas;Imagen real;1983;Original ;;
Los Lobos No Lloran;Imagen real;1983;Original ;;
A través de la oscuridad;Imagen real;1984;Original ;;
Where the Toys Come from;Imagen real;1984;Original ;;
Regreso a Oz / Oz, un mundo fantástico;Imagen real;1985;Secuela;;
El caldero mágico / Taron y el caldero mágico;Animada;1985;Original ;;
Natty Gann;Imagen real;1985;Original ;;
Navidades Mágicas;Imagen real;1985;Original ;; 
Policías y ratones / Basil, el ratón superdetective;Animada;1986;Original ;;
El vuelo del navegante;Imagen real;1986;Original ;;
Benji el Perseguido / Cuatro cachorros para salvar;Imagen real;1987;Secuela;;
La tostadora valiente;Animada;1987;Original ;;
La Saga del Indomable;Imagen real;1988;Spin-Off;;
Oliver y su pandilla;Animada;1988;Original ;;
Querida encogí a los niños / Cariño, He Encogido a los Niños;Imagen real;1989;Original ;;
Cheetah Una Aventura en la Selva;Imagen real;1989;Original ;;
La sirenita;Animada;1989;Original ;;
PatoAventuras - La película: El tesoro de la lámpara perdida;Animada;1990;Spin-Off;;
Bernardo y Bianca en Cangurolandia / Los rescatadores en Cangurolandia;Animada;1990;Secuela;;
Colmillo Blanco;Imagen real;1991;Original ;;
Náufragos;Imagen real;1991;Original ;;
La fuerza del valor;Imagen real;1991;Original ;;
Rocketeer;Imagen real;1991;Original ;;
La bella y la bestia;Animada;1991;Original ;;
La pandilla;Imagen real;1992;Original ;;
Cariño he agrandado al niño / Querida agrandé al bebé;Imagen real;1992;Secuela;;
Somos los mejores / Los campeones;Imagen real;1992;Original ;;
Aladdín;Animada;1992;Original ;;
Los Muppets: Una historia de Navidad;Imagen real;1992;Spin-Off;;
Homeward Bound: The Incredible Journey;Imagen real;1993;Remake ;;
A Far Off Place;Imagen real;1993;Original ;;
Las aventuras de Huckleberry Finn;Imagen real;1993;Original ;;
Abracadabra / El retorno de las brujas;Imagen real;1993;Original ;;
Jamaica bajo cero / Elegidos para el triunfo;Imagen real;1993;Original ;;
Los tres mosqueteros;Imagen real;1993;Original ;;
El extraño mundo de Jack / Pesadilla antes de Navidad;Animada;1993;Original ;;
Voluntad de hierro;Imagen real;1994;Original ;;
Cheque en blanco;Imagen real;1994;Original ;;
Vuelven los mejores / Los Campeones 2;Imagen real;1994;Secuela;;
Colmillo Blanco 2;Imagen real;1994;Secuela;;
El retorno de Jafar;Animada;1994;Secuela;;
El rey león;Animada;1994;Original ;;
Angels in the Outfield;Imagen real;1994;Remake ;;
Squanto: A Warrior's Tale;Imagen real;1994;Original ;;
Santa Cláusula / ¡Vaya Santa Claus!;Imagen real;1994;Original ;;
El libro de la selva: la aventura continúa;Imagen real;1994;Secuela;;
Pesos pesados;Imagen real;1995;Original ;;
Man of the House;Imagen real;1995;Original ;;
La leyenda de Pecos Bill;Imagen real;1995;Original ;;
Goofy la película / Goofy e hijo;Animada;1995;Spin-Off;;
Pocahontas;Animada;1995;Original ;;
Operación elefante;Imagen real;1995;Original ;;
Aventuras en la corte del Rey Arturo / Un niño en la corte del Rey Arturo;Imagen real;1995;Original ;;
El gran equipo;Imagen real;1995;Original ;;
Frank y Ollie: Los magos de Disney;Imagen real;1995;Secuela;;
Toy Story;Animada;1995;Original ;;
Tom and Huck;Imagen real;1995;Original ;;
Los Muppets en la isla del tesoro / Los Teleñecos en la Isla del Tesoro;Imagen real;1996;Spin-Off;;
Volviendo a casa 2: perdidos en San Francisco;Imagen real;1996;Secuela;;
James y el melocotón gigante/ Jim y el durazno gigante;Mixta;1996;Original ;;
El jorobado de Notre Dame;Animada;1996;Original ;;
First Kid;imagen real;1996;Original ;;
El regreso de los mejores / Los campeones 3;Imagen real;1996;Secuela;;
Aladdín y el rey de los ladrones / Aladdín y los 40 ladrones;Animada;1996;Secuela;;
101 dálmatas: ¡Ahora la magia es real! / 101 dálmatas: ¡Más vivos que nunca!;Imagen real;1996;Remake ;;
Un gato del FBI;Imagen real;1997;Remake ;;
Jungle 2 Jungle;Imagen real;1997;Remake ;;
Hércules;Animada;1997;Original ;;
George de la selva / George de la jungla;Imagen real;1997;Original ;;
Air Bud;Imagen real;1997;Original ;;
RocketMan / El astronauta;Imagen real;1997;Original ;;
Flubber;Imagen real;1997;Remake ;;
Mr. Magoo;Imagen real;1997;Remake ;;
La bella y la bestia 2: Una Navidad Encantada;Animada;1997;Secuela;;
Vaya par de locos / Locura en el campamento;Imagen real;1998;Original ;;
El mundo mágico de Bella;Animada;1998;Spin-Off;;
Mulán;Animada;1998;Original ;;
Pocahontas 2: Viaje a un Nuevo Mundo;Animada;1998;Secuela;;
El rey león 2;Animada;1998;Secuela;;
Juego de Gemelas / Tú a Londres y yo a California;Imagen real;1998;Remake ;;
Air Bud 2: el fichaje de la liga;Imagen real;1998;Secuela;;
I'll Be Home for Christmas;Imagen real;1998;Original ;;
Bichos: Una aventura en miniatura;Animada;1998;Original ;;
Mi Gran Amigo Joe;Imagen real;1998;Remake ;;
Mi marciano favorito;Imagen real;1999;Remake ;;
Doug: La película / Doug: Su 1ª película;Animada;1999;Spin-Off;;
Endurance;Imagen real;1999;Original ;;
Tarzán;Animada;1999;Original ;;
Inspector Gadget;Imagen real;1999;Remake ;;
The Straight Story;Imagen real;1999;Original ;;
La mano detrás del ratón: la historia de Ub Iwerks;Imagen real;1999;Documental;;
Mickey celebra la Navidad / Mickey descubre la Navidad;Animada;1999;Spin-Off;;
Toy Story 2;Animada;1999;Secuela;;
Fantasía 2000;Animada;2000;Secuela;;
La película de Tigger;Animada;2000;Spin-Off;;
Aventura elefantástica;Imagen real;2000;Secuela;;
Goofy 2: Extremadamente Goofy / Explosivamente Goofy;Animada;2000;Secuela;;
Dinosaurio;Mixta;2000;Original ;;
Buzz Lightyear Comando Estelar: La aventura comienza / Buzz Lightyear: La película;Animada;2000;Spin-Off;;
La sirenita 2: Regreso al mar;Animada;2000;Secuela;;
El chico / Mi encuentro conmigo;Imagen real;2000;Original ;;
Duelo de Titanes / Grito de Titanes;Imagen real;2000;Original ;;
102 Dálmatas;Imagen real;2000;Secuela;;
Las locuras del emperador / El emperador y sus locuras;Animada;2000;Original ;;
La dama y el vagabundo II: Las aventuras de Scamp / La dama y el vagabundo II: Las aventuras de Golfillo;Animada;2001;Secuela;;
La hija de Robin Hood;Imagen real;2001;Original ;;
Llegó el recreo / La banda del patio - La película;Animada;2001;Spin-Off;;
Atlantis: El imperio perdido;Animada;2001;Original ;;
El diario de la princesa / Princesa por sorpresa;Imagen real;2001;Original ;;
Max Keeble's Big Movie;imagen real;2001;Original ;;
The Other Side of Heaven;imagen real;2001;Original ;;
Monsters Inc. / Monstruos S.A.;Animada;2001;Original ;;
El Club de los Villanos con Mickey y sus Amigos / El Club de los Villanos;Animada;2001;Spin-Off;;
La Navidad Mágica de Mickey;Animada;2001;Spin-Off;;
Frío de perros / Aventuras en Alaska;Imagen real;2002;Original ;;
Peter Pan: El regreso al país de Nunca Jamás / Peter Pan en regreso al país de Nunca Jamás;Animada;2002;Secuela;;
El novato;Imagen real;2002;Original ;;
Lilo & Stitch;Animada;2002;Original ;;
La Cenicienta 2: Un sueño hecho realidad / La Cenicienta 2: ¡La magia no termina a medianoche!;Animada;2002;Secuela;;
El jorobado de Notre Dame 2;Animada;2002;Secuela;;
Tarzán y Jane;Animada;2002;Secuela;;
The Country Bears;Imagen real;2002;Original ;;
Tuck Everlasting;Imagen real;2002;Original ;;
Santa Cláusula 2 / Santa Claus 2;Imagen real;2002;Secuela;;
El planeta del tesoro;Animada;2002;Original ;;
101 dálmatas 2;Animada;2003;Secuela;;
El libro de la selva 2;Animada;2003;Secuela;;
La Gran Película de Piglet;Animada;2003;Spin-Off;;
Atlantis: El regreso de Milo;Animada;2003;Secuela;;
La película de Stitch;Animada;2003;Secuela;;
Los fantasmas del Titanic;Imagen real;2003;Documental;;
El misterio de los Excavadores;Imagen real;2003;Original ;;
Buscando a Nemo;Animada;2003;Original ;;
Piratas del Caribe: La maldición de la Perla Negra / Piratas del Caribe: La maldición del Perla Negra;Imagen real;2003;Original ;;
Un viernes de locos / Ponte en mi lugar;Imagen real;2003;Remake ;;
Lizzie Superstar / Lizzie McGuire: Estrella Pop;Imagen real;2003;Spin-Off;;
Tierra de osos / Hermano oso;Animada;2003;Original ;;
La Mansión Encantada / La Mansión Embrujada;Imagen real;2003;Original ;;
Kim Possible: Problemas en el Tiempo / Kim Possible: A través del tiempo;Animada;2003;Spin-Off;;
El joven corcel negro / Shetan, el caballo del desierto;Imagen real;2003;Original ;;
Mulán 2;Animada;2004;Secuela;;
El rey león 3: ¡Hakuna Matata!;Animada;2004;Secuela;;
Una Primavera con Rito;Animada;2004;Spin-Off;;
Mickey Donald y Goofy: Los tres mosqueteros;Animada;2004;Spin-Off;;
Mickey y sus amigos juntos otra Navidad / Mickey: La Mejor Navidad;Animada;2004;Spin-Off;;
Teacher's Pet / Este perro es un crack;Animada;2004;Spin-Off;;
Miracle;Imagen real;2004;Original ;;
Confesiones de una típica adolescente / Quiero ser superfamosa;Imagen real;2004;Original ;;
Vacas Vaqueras / Zafarrancho en el rancho;Animada;2004;Original ;;
Sacred Planet;Imagen real;2004;Documental;;
America's Heart and Soul;Imagen real;2004;Documental;;
El Diario De La Princesa 2 / Princesa por sorpresa 2;Imagen real;2004;Secuela;;
Los Increíbles;Animada;2004;Original ;;
La búsqueda / La leyenda del tesoro perdido;Imagen real;2004;Original ;;
Aliens of the Deep / Misterios del océano;Imagen real;2005;Documental;;
Winnie Pooh y el pequeño efelante / La película de Héffalump;Animada;2005;Spin-Off;;
Tarzán 2;Animada;2005;Secuela;;
Lilo y Stitch 2: En corto circuito / Lilo y Stitch 2: El efecto del defecto;Animada;2005;Secuela;;
Kim Possible la película: Todo un drama / Kim Possible: Sí es para Tanto;Animada;2005;Spin-Off;;
La familia Proud: La película / Los Proud: La Película;Animada;2005;Spin-Off;;
Una niñera a prueba de balas / Niñera a prueba de balas;imagen real;2005;Original ;;
Soñando soñando triunfé patinando / Sueños sobre hielo;Imagen real;2005;Original ;;
Herbie: A Tope / Herbie a toda marcha;Imagen real;2005;Reboot;;
Sky High: Una escuela de altos vuelos / Súper Escuela de Héroes;Imagen real;2005;Original ;;
El juego que hizo historia;Imagen real;2005;Original ;;
Chicken Little;Animada;2005;Original ;;
Las crónicas de Narnia: el león, la bruja y el armario / Las crónicas de Narnia: el león, la bruja y el ropero;Imagen real;2005;Original ;;
Las Locuras de Kronk / El emperador y sus locuras 2: La Gran Aventura de Kronk;Animada;2005;Secuela;;
Bambi II: El príncipe del bosque;Animada;2006;Secuela;;
Camino a la gloria;Imagen real;2006;Original ;;
Roving Mars;Imagen real;2006;Documental;;
Rescate en la Antártida / Bajo cero;Imagen real;2006;Original ;;
Un Papá con Pocas Pulgas / Cariño, estoy hecho un perro;Imagen real;2006;Original ;;
Salvaje / Vida salvaje;Imagen real;2006;Original ;;
Cars / Cars: Una aventura sobre ruedas;Animada;2006;Original ;;
Leroy y Stitch;Animada;2006;Secuela;;
Tierra de osos 2 / Hermano Oso 2;Animada;2006;Secuela;;
El zorro y el sabueso 2 / Tod y Toby 2;Animada;2006;Secuela;;
Piratas del Caribe: El cofre del hombre muerto / Piratas de Caribe: El Cofre de la Muerte;Imagen real;2006;Secuela;;
Buddy, Familia al recate / Air Buddies;Imagen real;2006;Spin-Off;;
Invencible;Imagen real;2006;Original ;;
Santa Cláusula 3 / Santa Claus 3: Por una navidad sin frío;Imagen real;2006;Secuela;;
La Cenicienta 3: Un giro en el tiempo / Cenicienta: ¿Qué pasaría sí...?;Animada;2007;Secuela;;
La Familia del Futuro / Descubriendo a los Robinson;Animada;2007;Original ;;
Piratas del Caribe: en el fin del mundo;Imagen real;2007;Secuela;;
Ratatouille;Animada;2007;Original ;;
Superdog / Supercan;Imagen real;2007;Original ;;
La historia de Pixar;Imagen real;2007;Documental;;
Entrenando a papá / Papá por sorpresa;Imagen real;2007;Original ;;
Encantada / Encantada: la historia de Giselle;Mixta;2007;Original ;;
La búsqueda 2: El diario secreto ;Imagen real;2007;Secuela;;
Hannah Montana & Miley Cyrus en Concierto: Lo Mejor de Ambos Mundos;Imagen real;2008;Spin-Off;;
Loco Viaje al Campus / Un viaje de aquellos;Imagen real;2008;Original ;;
Las crónicas de Narnia: el príncipe Caspian;Imagen real;2008;Original ;;
Dasavathaaram;Imagen real;2008;Original ;;
WALL·E;Animada;2008;Original ;;
La sirenita 3: los comienzos de Ariel / El Origen de la sirenita;Animada;2008;Precuela ;;
Campanilla / Tinker Bell;Animada;2008;Spin-Off;;
Snow Buddies - Cachorros en la nieve / Buddies en la nieve;Imagen real;2008;Spin-Off;;
Una Chihuahua de Beverly Hills/ Un Chihuahua de Beverly Hills;Imagen real;2008;Original ;;
Cuentos que no son cuentos / Más allá de los Sueños;Imagen real;2008;Original ;;
Morning Light;Imagen real;2008;Documental;;
High School Musical 3: Fin de Curso/ High School Musical 3: La Gradaución;Imagen real;2008;Secuela;;
Roadside Romeo;Animada;2008;Original ;;
Bolt: Un Perro fuera de serie;Animada;2008;Original ;;
Jonas Brothers en concierto 3D;imagen real;2009;Spin-Off;;
La Montaña Embrujada;imagen real;2009;Original ;;
Hannah Montana: La película;imagen real;2009;Spin-Off;;
La Tierra;imagen real;2009;Documental;;
Los muchachos: la historia de los hermanos Sherman;imagen real;2009;Documental;;
Trail of the Panda;imagen real;2009;Original ;;
Up: Una Aventura de Altura;Animada;2009;Original ;;
Kika Superbruja y el Libro de Hechizos;Imagen real;2009;Original ;;
Fuerza G / G-Force: Licencia para espiar;Imagen real;2009;Original ;;
Walt y el grupo;Imagen real;2009;Documental;;
Space Buddies;Imagen real;2009;Spin-Off;;
The Book of Masters;Imagen real;2009;Original ;;
Los Fantasmas de Scrooge / Cuento de navidad;Animada;2009;Original ;;
Par de colmilludos / Dos canguros muy maduros;Imagen real;2009;Original ;;
Tinker Bell y el tesoro perdido / Campanilla y el tesoro perdido;Animada;2009;Spin-Off;;
La princesa y el sapo / Tiana y el sapo;Animada;2009;Original ;;
Tinker Bell: Hadas al rescate / Campanilla y el gran rescate;Animada;2010;Spin-Off;;
Alicia en el país de las maravillas;Animada;2010;Remake ;;
Océanos;Imagen real;2010;Documental;;
El príncipe de Persia: Las arenas del tiempo;Imagen real;2010;Original ;;
Toy Story 3;Animada;2010;Secuela;;
El aprendiz de brujo;Imagen real;2010;Original ;;
El misterio del los flamencos;Imagen real;2010;Documental;;
Campeón / Secretariat;Imagen real;2010;Original ;;
Do Dooni Chaar;Imagen real;2010;Original ;;
Enredados;Animada;2010;Original ;;
Tron: El legado / Tron: Legacy;Imagen real;2010;Secuela;;
Anaganaga O Dheerudu;Imagen real;2010;Original ;;
Kika superbruja 2: el viaje a Mandolán;Imagen real;2010;Secuela;;
Marte necesita mamás;Animada;2011;Original ;;
Zokkomon;Imagen real;2011;Original ;;
Felinos de África;Imagen real;2011;Documental;;
Fin de curso;Imagen real;2011;Original ;;
Piratas del Caribe: Navegando en aguas misteriosas / Piratas del Caribe:En mareas misteriosas;Imagen real;2011;Secuela;;
Cars 2;Animada;2011;Secuela;;
Winnie the Pooh;Animada;2011;Spin-Off;;
Los Muppets;Imagen real;2011;Reboot;;
John Carter;Imagen real;2012;Original ;;
Chimpancés;Imagen real;2012;Documental;;
Arjun: El príncipe guerrero;Animada;2012;Original ;;
Valiente / Indomable;Animada;2012;Original ;;
La extraña vida de Timothy Green;Imagen real;2012;Original ;;
Frankenweenie;Animada;2012;Remake ;;
Ralph el demoledor / ¡Rompe Ralph!;Animada;2012;Original ;;
Tinker Bell y el secreto de las hadas / Campanilla y el secreto de las hadas;Animada;2012;Secuela;;
Oz, el poderoso / Oz: Un mundo de fantasía;Imagen real;2013;Precuela;;
Alas de vida;Imagen real;2013;Documental;;
Monsters University / Monstruos University;Animada;2013;Precuela;;
El llanero solitario;imagen real;2013;Original ;;
Aviones;Animada;2013;Spin-Off;;
Frozen: Una Aventura Congelada / Frozen: El reino de hielo;Animada;2013;Original ;;
El sueño de Walt / Al encuentro de Mr. Banks;imagen real;2013;Original ;;
Muppets 2: Los más buscados / El tour de los Muppets;imagen real;2014;Secuela;;
Osos;imagen real;2014;Documental;;
Un golpe de talento;imagen real;2014;Original ;;
Maléfica;imagen real;2014;Spin-Off;;
Aviones 2: Equipo de Rescate / Aviones: Equipo de Rescate;Animada;2014;Secuela;;
Tinker Bell: Hadas y piratas / Campanilla: Hadas y piratas;Animada;2014;Secuela;;
Grandes Héroes / Big Hero 6;Animada;2014;Original ;;
Alexander y un día terrible, horrible, malo... ¡muy malo! / Alexander y el día terrible, horrible, espantoso, horroroso;Imagen real;2014;Original ;;
En el bosque / Into the Woods;Imagen real;2014;Original ;;
McFarland, sin límites;Imagen real;2015;Original ;;
La Cenicienta;Imagen real;2015;Remake ;;
El Reino de los Monos;Imagen real;2015;Documental;;
Tomorrowland: El mundo del mañana;Imagen real;2015;Original ;;
Intensa-Mente / Del Revés;Animada;2015;Original ;;
Descendientes;Imagen real;2015;Spin-Off;;
Un Gran Dinosaurio / El viaje de Arlo;Animada;2015;Original ;;
Horas contadas / La hora decisiva;Imagen real;2016;Original ;;
Zootopia / Zootrópolis;Animada;2016;Original ;;
El libro de la selva;Animada;2016;Remake ;;
Alicia a través del espejo;Imagen real;2016;Secuela;;
Tini: El gran cambio de Violetta;Imagen real;2016;Original ;;
El buen amigo gigante / Mi gran amigo el gigante;Imagen real;2016;Original ;;
Buscando a Dory;Animada;2016;Spin-Off;;
Mi amigo el dragón / Peter y el dragón;Imagen real;2016;Remake ;;
Reina de Katwe;Imagen real;2016;Original ;;
Moana: Un mar de aventuras / Vaiana;Animada;2016;Original ;;
Growing Up Wild;Imagen real;2016;Original ;;
Dangal;Imagen real;2016;Original ;;
La bella y la bestia;Imagen real;2017;Remake ;;
La marcha de los pingüinos 2;Imagen real;2017;Documental;;
Nacidos en China;Imagen real;2017;Documental;;
Piratas del Caribe: La venganza de Salazar;Imagen real;2017;Secuela;;
Cars 3;Animada;2017;Secuela;;
Ghost of the Mountains;Imagen real;2017;Documental;;
Jagga Jasoos;Imagen real;2017;Original ;;
Coco;Animada;2017;Original ;;
Expedition China;Imagen real;2017;Documental;;
Un viaje en el tiempo / Un pliegue en el tiempo;Imagen real;2018;Original ;;
Los Increíbles 2;Animada;2018;Secuela;;
Christopher Robin;Imagen real;2018;Spin-Off;;
El Cascanueces y los cuatro reinos;Imagen real;2018;Original ;;
Wi-Fi Ralph / Ralph Rompe Internet;Animada;2018;Secuela;;
El Regreso de Mary Poppins;Imagen real;2018;Secuela;;
Dumbo;Imagen real;2019;Remake ;;
Pingüinos;Imagen real;2019;Documental;;
Aladdín;imagen real;2019;Remake ;;
Toy Story 4;Animada;2019;Secuela;;
El Rey León;imagen real;2019;Remake ;;
Maléfica: Dueña del Mal / Maléfica: Maestra del Mal;imagen real;2019;Secuela;;
La Dama y el Vagabundo;imagen real;2019;Remake ;;
Noelle;imagen real;2019;Original ;;
Frozen II;Animada;2019;Secuela;;
Togo;imagen real;2019;Original ;;
Las aventuras de Timmy Fracaso / DeSastre y Total: Agencia de detectives nº 1;imagen real;2020;Original ;;
Unidos / Onward;Animada;2020;Original ;;
Stargirl;imagen real;2020;Original ;;
Magic Camp: Campamento Mágico;imagen real;2020;Original ;;
Phineas y Ferb, la película: Candace contra el Universo;Animada;2020;Spin-Off;;
Artemis Fowl: El Mundo Subterráneo;imagen real;2020;Original ;;
Hamilton;imagen real;2020;Original ;;
El Único y Gran Iván / El Magnífico Iván;imagen real;2020;Original ;;
Mulán;imagen real;2020;Remake ;;
Sociedad Secreta de Hijos Reales;imagen real;2020;Original ;;
Belleza Negra;imagen real;2020;Original ;;
Amandrihada;imagen real;2020;Original ;;
Safety: La última línea de Defensa;imagen real;2020;Original ;;
Soul;Animada;2020;Original ;;
Flora y Ulises;imagen real;2021;Original ;;
Raya y el Último Dragón;Animada;2021;Original ;;
Cruella;imagen real;2021;Precuela;;
Luca;Animada;2021;Original ;;
Jungle Cruise;imagen real;2021;Original ;;
Encanto;Animada;2021;Original ;;
El diario de Greg;imagen real;2021;Original ;;
La era de hielo: Las aventuras de Buck / Ice Age: Las Aventuras de Buck;Animada;2022;Spin-Off;;
Sneakerella;imagen real;2022;Original ;;
Red;Animada;2022;Original ;;
Más barato por docena / Doce en casa;imagen real;2022;Remake ;;
Chip y Dale al rescate / Chip y Chop: los guardianes rescatadores;Animada;2022;Spin-Off;;
Stargirl en Hollywood;imagen real;2022;Original ;;
Lightyear;Animada;2022;Spin-Off;;
Pinocho;Animada;2022;Remake ;;
Abracadabra 2 / El Retorno de las Brujas 2;imagen real;2022;Secuela;;
Desencantada;imagen real;2022;Secuela;;
Un Mundo Extraño / Mundo extraño;Animada;2022;Original ;;
Una noche en el museo: el regreso de Kahmunrah / Noche en el museo: El retorno de Kahmunrah;imagen real;2022;Secuela;;
Peter Pan & Wendy;imagen real;2023;Remake ;;
La Sirenita;imagen real;2023;Remake ;;
Elementos / Elemental;Animada;2023;Original ;;
Mansión Embrujada / Mansión Encantada;imagen real;2023;Original ;;
Wish: El poder de los deseos;Animada;2023;Original ;;
Intensa-Mente 2 / Del revés 2;Animada;2024;Secuela;;
Moana 2 / Vaiana 2;Animada;2024;Secuela;;
Mufasa: El Rey León;Animada;2024;Precuela;;
Blanca Nieves / Blancanieves;Animada;2025;Remake ;;
Lilo y Stitch;Animada;2025;Remake ;;
Elio;Animada;2025;Original ;;
Otro viernes de locos / Ponte en mi lugar de nuevo;imagen real;2025;Secuela;;
